listing_id,listed_date,city,locality,property_type,bhk,area_sqft,price_lakh,lead_source,agent_id,days_on_market,status,month,price_per_sqft,anomaly
2038,2026-07-16,Greater Noida,Alpha 1,Builder Floor,3.0,2583.0,175.7,Walk-in,AG12,95,Sold,7,6802.168021680217,False
2053,2026-03-07,Noida,Sector 150,Apartment,2.0,1774.0,212.9,Website,AG06,90,Available,3,12001.127395715896,False
2075,2026-06-13,Gurgaon,Sector 82,Residential Plot,0.0,2400.0,224.5,App,AG06,98,Sold,6,9354.166666666666,False
2055,2026-04-05,Gurgaon,Sohna Road,Villa,3.0,2613.0,302.2,Walk-in,AG01,27,Sold,4,11565.250669728282,False
2021,2026-03-07,Noida,Sector 150,Builder Floor,2.0,1160.0,132.3,WhatsApp,AG01,13,Available,3,11405.172413793105,False
2050,2026-04-06,Gurgaon,Sector 62,Builder Floor,3.0,2247.0,184.4,Walk-in,AG11,48,Available,4,8206.497552291945,False
2035,2026-04-07,Ghaziabad,Raj Nagar Extension,Villa,4.0,2016.0,126.1,App,AG07,15,Available,4,6254.960317460317,False
2029,2026-09-04,Gurgaon,Sohna Road,Residential Plot,0.0,1200.0,117.8,Walk-in,AG01,12,Available,9,9816.666666666666,False
2051,2026-04-25,Greater Noida,Greater Noida West,Residential Plot,0.0,900.0,39.3,Walk-in,AG10,6,Sold,4,4366.666666666666,False
2033,2026-05-13,Noida,Sector 62,Builder Floor,2.0,1596.0,141.9,App,AG02,47,Sold,5,8890.977443609023,False
2018,2026-03-05,Greater Noida,Sector 62,Villa,2.0,1342.0,195.2,Agent Referral,AG03,76,Available,3,14545.454545454546,False
2023,2026-07-15,Noida,Unknown,Residential Plot,0.0,1800.0,119.0,WhatsApp,AG09,52,Sold,7,6611.111111111111,False
2024,2026-04-16,Noida,Sector 137,Apartment,3.0,1774.0,108.9,Walk-in,AG11,32,Available,4,6138.669673055242,False
2025,2026-05-17,Ghaziabad,Indirapuram,Villa,2.0,946.0,96.7,App,AG06,89,Available,5,10221.98731501057,False
2013,2026-06-07,Gurgaon,Sector 82,Residential Plot,0.0,1200.0,106.5,App,AG05,113,Available,6,8875.0,False
2065,2026-05-19,Ghaziabad,Raj Nagar Extension,Villa,1.0,407.0,30.0,Website,AG11,101,Sold,5,7371.007371007371,False
2090,2026-05-19,Noida,Sector 137,Apartment,2.0,988.0,76.3,App,AG10,48,Available,5,7722.672064777328,False
2036,2026-06-17,Ghaziabad,Raj Nagar Extension,Villa,4.0,1488.0,209.2,Website,AG01,5,Sold,6,14059.139784946237,False
2014,2026-05-22,Greater Noida,Greater Noida West,Builder Floor,4.0,2888.0,149.2,WhatsApp,AG08,73,Available,5,5166.204986149583,False
2056,2026-06-26,Noida,Sector 150,Residential Plot,0.0,1200.0,106.6,Agent Referral,AG05,67,Available,6,8883.333333333334,False
2067,2026-07-05,Gurgaon,Indirapuram,Apartment,3.0,1350.0,93.2,App,AG10,106,Available,7,6903.7037037037035,False
2057,2026-06-25,Greater Noida,Alpha 1,Builder Floor,2.0,1734.0,113.9,WhatsApp,AG03,71,Available,6,6568.6274509803925,False
2083,2026-09-04,Gurgaon,Sector 82,Villa,3.0,1329.0,202.1,Website,AG06,45,Sold,9,15206.922498118887,False
2007,2026-06-11,Greater Noida,Sohna Road,Apartment,3.0,2166.0,172.2,Website,AG05,28,Sold,6,7950.138504155125,False
2072,2026-09-06,Greater Noida,Greater Noida West,Apartment,4.0,1724.0,93.0,WhatsApp,AG01,4,Sold,9,5394.431554524362,False
2027,2026-12-07,Gurgaon,Sector 82,Villa,2.0,938.0,141.0,Website,AG12,20,Sold,12,15031.982942430704,False
2082,2026-05-19,Ghaziabad,Indirapuram,Builder Floor,3.0,1287.0,76.1,Agent Referral,AG01,72,Available,5,5912.975912975912,False
2064,2026-12-06,Gurgaon,Sohna Road,Villa,3.0,1812.0,201.9,Walk-in,AG05,79,Available,12,11142.384105960266,False
2049,2026-07-05,Gurgaon,Sector 82,Residential Plot,0.0,2400.0,176.2,WhatsApp,AG11,72,Available,7,7341.666666666667,False
2022,2026-04-20,Noida,Sector 150,Residential Plot,0.0,2400.0,206.0,Website,AG02,77,Sold,4,8583.333333333334,False
2026,2026-07-06,Gurgaon,Sohna Road,Builder Floor,2.0,1214.0,96.3,WhatsApp,AG04,88,Available,7,7932.4546952224055,False
2034,2026-04-13,Gurgaon,Sector 82,Residential Plot,0.0,2400.0,195.6,Walk-in,Unknown,28,Available,4,8150.0,False
2030,2026-04-21,Ghaziabad,Raj Nagar Extension,Villa,4.0,3220.0,191.0,App,AG07,75,Available,4,5931.677018633541,False
2040,2026-06-19,Gurgaon,Unknown,Villa,2.0,1790.0,281.4,WhatsApp,AG04,72,Available,6,15720.67039106145,False
2015,2026-08-06,Gurgaon,Sector 82,Apartment,1.0,419.0,39.6,WhatsApp,AG05,68,Available,8,9451.07398568019,False
2058,2026-12-04,Greater Noida,Greater Noida West,Villa,2.0,1280.0,84.0,Walk-in,AG01,15,Sold,12,6562.5,False
2043,2026-07-17,Gurgaon,Sector 82,Villa,3.0,2583.0,361.1,Agent Referral,AG02,107,Available,7,13979.868370112272,False
2069,2026-07-15,Noida,Sector 137,Residential Plot,0.0,1200.0,68.7,Walk-in,AG05,88,Available,7,5725.0,False
2004,2026-04-15,Greater Noida,Greater Noida West,Villa,3.0,1206.0,68.5,Agent Referral,AG07,87,Available,4,5679.933665008291,False
2012,2026-01-05,Ghaziabad,Sector 82,Apartment,1.0,506.0,51.1,Walk-in,AG06,77,Available,1,10098.814229249012,False
2005,2026-01-06,Noida,Sector 150,Villa,2.0,1576.0,233.9,Website,AG10,32,Available,1,14841.370558375635,False
2046,2026-07-27,Ghaziabad,Indirapuram,Residential Plot,0.0,900.0,47.6,Walk-in,AG10,51,Sold,7,5288.888888888889,False
2071,2026-05-21,Ghaziabad,Unknown,Villa,3.0,2250.0,292.54999999999995,Agent Referral,Unknown,95,Sold,5,13002.22222222222,False
2085,2026-07-16,Gurgaon,Sohna Road,Villa,2.0,1488.0,201.9,Walk-in,AG12,20,Sold,7,13568.548387096775,False
2073,2026-05-18,Noida,Sector 62,Villa,1.0,786.0,105.7,App,AG11,14,Available,5,13447.837150127227,False
2084,2026-05-16,Greater Noida,Greater Noida West,Residential Plot,0.0,1200.0,57.9,Walk-in,AG06,94,Available,5,4825.0,False
2020,2026-05-03,Noida,Sector 137,Apartment,4.0,2236.0,165.0,Website,AG08,43,Available,5,7379.248658318425,False
2060,2026-04-20,Gurgaon,Sector 82,Apartment,3.0,2082.0,225.5,Website,AG12,5,Sold,4,10830.931796349663,False
2039,2026-05-17,Greater Noida,Alpha 1,Villa,4.0,2748.0,209.8,Walk-in,AG09,84,Sold,5,7634.6433770014555,False
2070,2026-05-16,Gurgaon,Sohna Road,Builder Floor,2.0,1550.0,118.1,Website,AG09,19,Available,5,7619.354838709677,False
2003,2026-05-20,Greater Noida,Greater Noida West,Apartment,1.0,418.0,20.9,Website,AG08,27,Sold,5,4999.999999999999,False
2032,2026-06-06,Ghaziabad,Indirapuram,Builder Floor,2.0,1642.0,108.0,Website,AG08,63,Available,6,6577.3447015834345,False
2080,2026-06-01,Greater Noida,Alpha 1,Builder Floor,1.0,585.0,30.5,Agent Referral,AG11,109,Available,6,5213.675213675214,False
2052,2026-05-27,Noida,Unknown,Builder Floor,2.0,916.0,121.45,App,AG05,29,Available,5,13258.73362445415,False
2037,2026-04-14,Gurgaon,Sohna Road,Residential Plot,0.0,900.0,61.2,Website,AG03,30,Sold,4,6800.0,False
2047,2026-08-05,Greater Noida,Greater Noida West,Builder Floor,3.0,2139.0,107.5,Agent Referral,AG03,78,Available,8,5025.712949976624,False
2068,2026-05-28,Greater Noida,Sector 150,Residential Plot,0.0,2400.0,239.3,Website,AG06,18,Sold,5,9970.833333333334,False
2001,2026-07-21,Gurgaon,Sohna Road,Residential Plot,0.0,1200.0,91.6,Walk-in,AG03,26,Sold,7,7633.333333333333,False
2059,2026-05-18,Ghaziabad,Raj Nagar Extension,Builder Floor,4.0,2428.0,104.9,Website,AG07,75,Available,5,4320.428336079078,False
2006,2026-07-04,Gurgaon,Sector 82,Villa,3.0,1302.0,179.9,App,AG01,5,Sold,7,13817.20430107527,False
2002,2026-04-20,Ghaziabad,Indirapuram,Apartment,3.0,2442.0,171.8,WhatsApp,AG08,116,Available,4,7035.217035217035,False
2089,2026-01-07,Noida,Sector 137,Builder Floor,2.0,1734.0,119.9,Walk-in,AG08,10,Available,1,6914.648212226067,False
2042,2026-07-14,Noida,Sector 137,Apartment,4.0,1940.0,137.1,WhatsApp,AG05,11,Sold,7,7067.01030927835,False
2010,2026-07-04,Greater Noida,Greater Noida West,Villa,3.0,1665.0,107.3,App,AG07,116,Available,7,6444.444444444444,False
2019,2026-06-23,Ghaziabad,Indirapuram,Apartment,1.0,643.0,46.2,Agent Referral,AG01,119,Sold,6,7185.0699844479,False
2087,2026-08-05,Ghaziabad,Indirapuram,Apartment,3.0,2616.0,181.3,App,AG11,56,Sold,8,6930.428134556575,False
2048,2026-08-05,Ghaziabad,Indirapuram,Builder Floor,2.0,1708.0,117.9,App,AG12,15,Sold,8,6902.810304449648,False
2076,2026-04-15,Ghaziabad,Raj Nagar Extension,Builder Floor,3.0,2202.0,104.4,Agent Referral,AG02,50,Available,4,4741.144414168937,False
2078,2026-10-06,Noida,Sector 150,Villa,3.0,2313.0,325.2,App,AG04,100,Available,10,14059.662775616083,False
2045,2026-04-16,Ghaziabad,Raj Nagar Extension,Villa,2.0,1434.0,97.0,Walk-in,AG02,66,Available,4,6764.295676429568,False
2088,2026-09-06,Greater Noida,Alpha 1,Builder Floor,3.0,1851.0,120.3,Website,AG08,70,Sold,9,6499.189627228525,False
2086,2026-04-15,Noida,Sector 137,Villa,1.0,812.0,80.9,Walk-in,AG11,51,Sold,4,9963.05418719212,False
2054,2026-01-06,Gurgaon,Sohna Road,Residential Plot,0.0,1200.0,83.2,Website,AG04,79,Sold,1,6933.333333333333,False
2077,2026-03-04,Gurgaon,Sohna Road,Residential Plot,0.0,1200.0,125.3,Agent Referral,AG04,108,Available,3,10441.666666666666,False
2008,2026-02-04,Gurgaon,Sector 82,Builder Floor,2.0,1522.0,155.7,WhatsApp,AG08,15,Sold,2,10229.960578186596,False
2081,2026-06-05,Gurgaon,Unknown,Villa,3.0,2028.0,303.7,Website,AG08,22,Available,6,14975.34516765286,False
2031,2026-04-15,Noida,Sector 137,Builder Floor,2.0,1614.0,117.7,Website,AG11,9,Sold,4,7292.441140024783,False
2028,2026-05-27,Ghaziabad,Indirapuram,Apartment,3.0,1923.0,131.5,WhatsApp,AG07,38,Available,5,6838.273530941237,False
2063,2026-07-18,Noida,Sector 137,Builder Floor,3.0,1923.0,133.7,Walk-in,Unknown,24,Sold,7,6952.678107124284,False
2009,2026-07-21,Greater Noida,Alpha 1,Builder Floor,4.0,3172.0,199.5,WhatsApp,AG02,19,Sold,7,6289.407313997478,False
2074,2026-07-24,Gurgaon,Sohna Road,Villa,2.0,1146.0,132.0,App,AG02,46,Available,7,11518.324607329843,False
2017,2026-04-09,Noida,Sector 137,Builder Floor,2.0,1566.0,123.0,WhatsApp,AG08,5,Sold,4,7854.406130268199,False
2062,2026-04-18,Noida,Raj Nagar Extension,Apartment,4.0,2508.0,128.1,Walk-in,Unknown,106,Available,4,5107.655502392345,False
2079,2026-06-15,Ghaziabad,Raj Nagar Extension,Apartment,2.0,1526.0,66.3,Walk-in,AG05,59,Available,6,4344.692005242464,False
